{
  "main_weights": [
    756.8498508723819,
    89.51331984696526,
    230.69078542770075,
    -78.19800593163083,
    534.3011768657185,
    138.8817305537717,
    62.22874127575794,
    -1844.1451352972479
  ],
  "target_weights": [
    738.1407592111905,
    95.40644527450124,
    231.07840406863352,
    -95.02318778833568,
    525.2128274390608,
    133.48847176772514,
    69.21597162988866,
    -1805.6274547294224
  ],
  "num_features": 8,
  "learning_rate": 0.005,
  "epsilon": 0.24672968473045437,
  "gamma": 0.9,
  "training_episodes": 1983,
  "total_updates": 241920,
  "target_updates": 75,
  "adaptive_timing": {
    "transition_points": [
      0.7,
      0.1
    ],
    "urgency_levels": [
      0.6013905807077645,
      0.828704983437335,
      0.8650511514552743
    ],
    "score_gap_modifier": 0.5,
    "rack_quality_modifier": 0.05,
    "opponent_modifier": 0.0
  },
  "adaptive_tiles": {
    "strategic_multipliers": {
      "A": 1.1023697604089975,
      "B": 1.0074745553912312,
      "C": 0.9881170965668028,
      "D": 0.9439846377206391,
      "E": 1.0954092876365358,
      "F": 0.8155299720807213,
      "G": 0.9368803632769519,
      "H": 0.7747399521879462,
      "I": 0.9653026900371271,
      "J": 0.5909579217994676,
      "K": 0.8466360580621739,
      "L": 1.0100432324222894,
      "M": 0.9882138574233786,
      "N": 1.101735784116912,
      "O": 1.054719975453046,
      "P": 0.9816366166475209,
      "Q": 0.33217130647470455,
      "R": 1.1196037306507332,
      "S": 1.4190253351654691,
      "T": 1.1477016575420182,
      "U": 0.7928197904115729,
      "V": 0.5771536531898952,
      "W": 0.7444447893896178,
      "X": 0.6104838642626165,
      "Y": 0.9914871601241974,
      "Z": 0.5696802852346594,
      "?": 1.697405815949792
    },
    "early_game_modifiers": {
      "A": 2.0,
      "B": 2.0,
      "C": 2.0,
      "D": 2.0,
      "E": 2.0,
      "F": 2.0,
      "G": 2.0,
      "H": 2.0,
      "I": 2.0,
      "J": 2.0,
      "K": 2.0,
      "L": 2.0,
      "M": 2.0,
      "N": 2.0,
      "O": 2.0,
      "P": 2.0,
      "Q": 1.4899999999999896,
      "R": 2.0,
      "S": 2.0,
      "T": 2.0,
      "U": 2.0,
      "V": 2.0,
      "W": 2.0,
      "X": 2.0,
      "Y": 1.9872499999999997,
      "Z": 2.0,
      "?": 2.0
    },
    "endgame_modifiers": {
      "A": 2.0,
      "B": 2.0,
      "C": 1.1988038690476075,
      "D": 2.0,
      "E": 2.0,
      "F": 1.89708541666667,
      "G": 2.0,
      "H": 2.0,
      "I": 2.0,
      "J": -2.0,
      "K": 1.9536041666666673,
      "L": 2.0,
      "M": 2.0,
      "N": 1.9792296727911598,
      "O": 1.78747916666666,
      "P": 1.6812499999999935,
      "Q": -2.0,
      "R": 1.9867232142857152,
      "S": 1.9892499999999964,
      "T": 2.0,
      "U": 1.6803119175032422,
      "V": -0.5347187500000292,
      "W": 1.7377999999999938,
      "X": -0.8040434027777804,
      "Y": 1.562249999999991,
      "Z": -1.9067048044218002,
      "?": 2.0
    }
  },
  "model_version": "adaptive_v1.0"
}