{
  "main_weights": [
    -0.03276483112527337,
    0.17347849152930517,
    0.033315119202475756,
    0.10619625341449157,
    -0.15598246736692378,
    0.08356508550547478,
    -0.03300011776365337,
    -0.16942983006553894
  ],
  "target_weights": [
    -0.03276483112527337,
    0.17347849152930517,
    0.033315119202475756,
    0.10619625341449157,
    -0.15598246736692378,
    0.08356508550547478,
    -0.03300011776365337,
    -0.16942983006553894
  ],
  "num_features": 8,
  "learning_rate": 0.01,
  "epsilon": 0.24672968473045437,
  "gamma": 0.9,
  "training_episodes": 1992,
  "total_updates": 64029,
  "target_updates": 0,
  "adaptive_timing": {
    "transition_points": [
      0.7,
      0.28107
    ],
    "urgency_levels": [
      0.8774182797343966,
      0.9803896406222292,
      0.9908323019915861
    ],
    "score_gap_modifier": 0.5,
    "rack_quality_modifier": 0.05,
    "opponent_modifier": 0.0
  },
  "adaptive_tiles": {
    "strategic_multipliers": {
      "A": 1.0455239067402944,
      "B": 1.0453533042160057,
      "C": 1.0542546238833437,
      "D": 1.1290367642583286,
      "E": 1.0890620592945484,
      "F": 0.9894036556169292,
      "G": 0.9511597591831057,
      "H": 1.1123217682815485,
      "I": 0.8208491301206492,
      "J": 0.7525241628714687,
      "K": 0.9907800735315783,
      "L": 1.0445161262096796,
      "M": 1.0117229849860954,
      "N": 0.9964925997214217,
      "O": 0.9596822118466771,
      "P": 0.9136509910668986,
      "Q": 0.42181058110681646,
      "R": 1.0586064486087623,
      "S": 1.2678833994268277,
      "T": 1.06786481532779,
      "U": 0.789671500750353,
      "V": 0.7191944274305831,
      "W": 0.8199087278054125,
      "X": 0.8020264811964198,
      "Y": 0.8906887151585334,
      "Z": 0.8051160012931518,
      "?": 1.5851663912600795
    },
    "early_game_modifiers": {
      "A": 2.0,
      "B": 2.0,
      "C": 2.0,
      "D": 2.0,
      "E": 2.0,
      "F": 2.0,
      "G": 2.0,
      "H": 2.0,
      "I": 2.0,
      "J": 2.0,
      "K": 2.0,
      "L": 2.0,
      "M": 2.0,
      "N": 2.0,
      "O": 2.0,
      "P": 1.9404999999999988,
      "Q": 0.8202674603174492,
      "R": 2.0,
      "S": 2.0,
      "T": 2.0,
      "U": 2.0,
      "V": 1.8090147817460265,
      "W": 2.0,
      "X": 1.8727249999999969,
      "Y": 2.0,
      "Z": 1.356333333333322,
      "?": 2.0
    },
    "endgame_modifiers": {
      "A": 2.0,
      "B": 2.0,
      "C": 1.7911666666666528,
      "D": 2.0,
      "E": 2.0,
      "F": 2.0,
      "G": 2.0,
      "H": 2.0,
      "I": 2.0,
      "J": 2.0,
      "K": 2.0,
      "L": 1.9924999999999988,
      "M": 2.0,
      "N": 2.0,
      "O": 2.0,
      "P": 2.0,
      "Q": -1.8729655092592743,
      "R": 1.9751032051282047,
      "S": 1.9821250000000012,
      "T": 1.9980690476190477,
      "U": 1.9774880952380929,
      "V": 2.0,
      "W": 2.0,
      "X": 1.5514124999999914,
      "Y": 2.0,
      "Z": 2.0,
      "?": 2.0
    }
  },
  "model_version": "adaptive_v1.0"
}